{"cameraMode":{"drawMode":0,"name":"Shaded","section":"Shading Mode"},"sceneLighting":true,"audioPlay":false,"sceneViewState":{"m_AlwaysRefresh":false,"showFog":true,"showSkybox":true,"showFlares":true,"showImageEffects":true,"showParticleSystems":true,"showVisualEffectGraphs":true,"m_FxEnabled":true},"in2DMode":false,"pivot":{"x":644.0862426757813,"y":428.28375244140627,"z":-6.295989990234375},"rotation":{"x":0.0014996813843026758,"y":0.00899998378008604,"z":-0.000013573086107498966,"w":0.9999597668647766},"size":712.2688598632813,"orthographic":true}